{"SV-PM": {"LV": 2.946532488353474e-05, "BE": 0.0007896290987535038, "BF": 1.5104108590529022e-06, "BG": 0.0001891992254594645, "BB": 2.8320203607241917e-07, "BM": 6.903049629265217e-07, "BO": 1.132218140047859e-05, "JP": 5.8801361881036417e-05, "BI": 1.5104108590529022e-06, "BJ": 1.5104108590529022e-06, "JM": 2.0539843322752357e-05, "JO": 1.6048115377437086e-06, "WS": 1.5104108590529022e-06, "BR": 0.00011960848166066907, "BS": 8.024057688718543e-07, "BY": 3.075717764953175e-06, "BZ": 7.857419968942598e-05, "RU": 8.075875452565126e-06, "RW": 1.5104108590529022e-06, "LU": 3.4703792980124296e-05, "RO": 3.2697778557944665e-05, "GW": 1.5104108590529022e-06, "GU": 1.5653069059002732e-06, "GT": 0.00016160216183382418, "GR": 9.821774961178247e-06, "GQ": 1.5104108590529022e-06, "GP": 9.821774961178247e-06, "GY": 3.928709984471299e-05, "GE": 1.5163109014710776e-06, "GB": 0.00495446391127185, "GA": 1.5104108590529022e-06, "GN": 3.075717764953175e-06, "GM": 1.5104108590529022e-06, "OM": 1.8013086026272892e-06, "IL": 0.0025536614899063443, "HR": 4.085240675061326e-05, "HT": 7.826534529501366e-06, "HU": 2.9605386760070558e-06, "HK": 0.00020295094171831436, "HN": 2.2722859017477254e-05, "AD": 7.552054295264511e-07, "PR": 3.611339007090142e-05, "PW": 1.5104108590529022e-06, "PT": 0.00012798012880489316, "PY": 4.394223331265338e-05, "AI": 1.7936128951253212e-06, "PA": 1.598911495325533e-05, "PG": 1.5104108590529022e-06, "PE": 0.00011873501885919572, "PK": 1.4517695678879067e-05, "PH": 2.9812144768290094e-05, "PL": 9.808230515974783e-05, "ZM": 6.206331576753722e-06, "EE": 9.821774961178247e-06, "EG": 6.857901478587005e-06, "ZA": 8.567631161940876e-05, "EC": 2.712198194918551e-05, "ET": 1.5104108590529022e-06, "ZW": 1.5104108590529022e-06, "KY": 1.286209247162237e-06, "ES": 0.0018950456548078426, "ER": 1.5104108590529022e-06, "MF": 4.910887480589123e-05, "UY": 1.846969800472299e-08, "MC": 7.552054295264511e-07, "UZ": 3.257849509166416e-07, "ML": 7.552054295264511e-07, "MH": 1.5104108590529022e-06, "US": 0.9485357058990239, "UM": 5.959042842357153e-07, "MW": 7.552054295264511e-07, "MR": 1.5104108590529022e-06, "UG": 3.075717764953175e-06, "UA": 6.898842642497474e-05, "MX": 0.0005279062953662438, "VU": 1.5104108590529022e-06, "FR": 0.0027794024998209865, "FI": 0.0003689796745072705, "FJ": 1.5104108590529022e-06, "FK": 1.6520118770891117e-06, "FM": 1.5104108590529022e-06, "NI": 1.0030072110898179e-05, "NL": 0.002141087941112676, "NO": 6.296012221509988e-05, "NC": 3.075717764953175e-06, "NG": 3.075717764953175e-06, "NZ": 9.872566630691235e-06, "NR": 1.5104108590529022e-06, "CI": 1.5104108590529022e-06, "CH": 0.00018261169983778, "CO": 0.0001185472435961477, "CN": 8.340402571766104e-05, "CM": 1.5104108590529022e-06, "CL": 3.611672487748561e-05, "CA": 0.027291169769904026, "CG": 1.5104108590529022e-06, "CF": 1.5104108590529022e-06, "CD": 1.8361958099695438e-06, "CZ": 7.614056045372032e-05, "CY": 9.234849002361494e-08, "CR": 2.955202985472358e-05, "CW": 4.183130074486358e-06, "CV": 1.5104108590529022e-06, "SY": 1.2467559200354815e-05, "KE": 1.0902252294454542e-05, "KI": 1.5104108590529022e-06, "KM": 3.075717764953175e-06, "ST": 1.5104108590529022e-06, "SK": 1.0646754805389206e-05, "KR": 1.7520560746146946e-06, "SI": 8.839597465060423e-05, "SO": 1.5104108590529022e-06, "SM": 7.552054295264511e-07, "SL": 1.5104108590529022e-06, "SC": 1.133218582023115e-05, "SB": 3.075717764953175e-06, "SA": 2.6478620802020995e-05, "SG": 0.00017256007974587629, "SE": 0.000836126050433227, "SD": 1.5104108590529022e-06, "DO": 3.3348065841860952e-06, "DJ": 1.5104108590529022e-06, "DK": 0.0003104589494264725, "DE": 0.0022000121777901605, "YE": 1.5104108590529022e-06, "DZ": 4.69592071770082e-06, "LB": 1.7074209711032807e-06, "LC": 3.7760271476322554e-07, "TV": 1.5104108590529022e-06, "TW": 3.3999635743694235e-06, "TR": 0.00010284133067896479, "LI": 1.5104108590529022e-06, "TN": 1.5104108590529022e-06, "TO": 1.5104108590529022e-06, "LT": 9.914123451201862e-06, "TM": 1.5104108590529022e-06, "LR": 3.075717764953175e-06, "TH": 1.5712069483184487e-06, "TG": 1.5104108590529022e-06, "TD": 1.5104108590529022e-06, "TC": 2.7140195123606834e-06, "LY": 1.0902252294454542e-05, "VA": 7.552054295264511e-07, "AE": 2.16326337880318e-05, "VE": 7.030028803047687e-06, "AG": 1.0291726165965088e-06, "VG": 3.1306138118005465e-06, "IQ": 1.5104108590529022e-06, "VI": 3.83246233598002e-07, "IS": 3.257849509166416e-07, "IR": 3.3117194616801913e-06, "AM": 1.5617155757326882e-06, "IT": 0.00078545597309877, "AS": 9.773548527499247e-07, "AR": 0.0003738423355541806, "AU": 0.0001815709836599305, "AT": 8.326242469962482e-05, "AW": 4.767234273885722e-06, "IN": 0.00016386906074032051, "TZ": 1.0994600784478156e-05, "AZ": 1.5104108590529022e-06, "IE": 0.00014419831931812376, "ID": 1.725121098357807e-06, "MY": 1.1051549019992718e-05, "BD": 1.0260943335957215e-07}, "BL-QA": {"BD": 4.807668974318127e-09, "BE": 0.007600596524989462, "BF": 3.0769081435636015e-06, "BG": 0.00023996277768065352, "BN": 5.2884358717499395e-08, "JP": 0.007392639601588088, "BI": 3.0769081435636015e-06, "BJ": 3.0769081435636015e-06, "JM": 1.1442252158877143e-06, "BW": 1.2980706230658943e-07, "WS": 3.0769081435636015e-06, "BR": 0.013359405113848739, "BY": 4.230748697399952e-06, "BZ": 2.7692173292072412e-05, "RU": 8.411978404364427e-05, "RW": 3.149023178178373e-06, "RE": 0.006603155452473898, "TM": 3.0769081435636015e-06, "RO": 0.000138112310459724, "GW": 3.0769081435636015e-06, "GU": 1.1826865676822592e-06, "GT": 9.615337948636255e-08, "GR": 3.4639254959962105e-06, "GQ": 3.0769081435636015e-06, "GP": 0.006050316789448082, "GY": 1.3846086646036206e-05, "GF": 0.0019349906087835597, "GE": 6.653813860456288e-06, "GB": 0.03475597073965163, "GA": 3.0769081435636015e-06, "GN": 4.221133359451316e-06, "GM": 3.0769081435636015e-06, "OM": 2.161047203955998e-06, "TN": 3.0793119780507605e-06, "JO": 3.2788302404849626e-06, "HR": 1.499031186192392e-05, "HT": 2.9918124027181704e-05, "HU": 7.20621502560544e-05, "HK": 0.0017610130877754226, "HN": 1.3365319748604393e-06, "AD": 1.5384540717818007e-06, "PR": 4.23555636637427e-06, "PW": 3.0769081435636015e-06, "PT": 4.489641671666983e-05, "PY": 1.3846086646036206e-05, "PA": 8.733130691848878e-06, "PG": 3.975942241761091e-06, "PE": 1.3528780493731209e-05, "PK": 3.073062008384147e-05, "PH": 0.00010283363552617758, "PL": 0.0016121965023443792, "ZM": 1.0386968819014313e-05, "EE": 3.4615216615090515e-06, "EG": 6.625929380405242e-05, "ZA": 0.0003239094856412223, "EC": 1.3163397651683031e-05, "SB": 4.221133359451316e-06, "ET": 3.0769081435636015e-06, "ZW": 4.879784008932899e-06, "ES": 0.0019749904146498867, "ER": 3.0769081435636015e-06, "MF": 0.0007187417039915857, "UY": 8.062460869931499e-06, "MC": 6.096124259435385e-06, "UZ": 3.605751730738595e-08, "ML": 1.5384540717818007e-06, "MH": 3.0769081435636015e-06, "US": 0.8375088968017725, "MU": 1.0336488294783974e-06, "MW": 1.5384540717818007e-06, "MQ": 0.004087773429772705, "MR": 3.1177733298453056e-06, "UG": 4.293248394066087e-06, "UA": 2.522824294273437e-05, "MX": 9.336733531574518e-05, "AT": 0.0003279623505865725, "FR": 0.00587457485392637, "FI": 0.0008356449827711052, "FJ": 3.0769081435636015e-06, "FK": 6.983139185197079e-06, "FM": 3.096138819460874e-06, "NI": 1.5384540717818006e-07, "NL": 0.0070195993447810644, "NO": 0.0005919875114836883, "VU": 3.0769081435636015e-06, "NC": 4.221133359451316e-06, "NE": 2.4038344871590634e-09, "NG": 1.1134561344520782e-05, "NZ": 1.2584073540277697e-05, "NR": 3.0769081435636015e-06, "CI": 3.0865234815122376e-06, "CH": 0.0025592207522435123, "CO": 1.0259565591194884e-05, "CN": 0.006701325649094987, "CM": 3.0865234815122376e-06, "CL": 2.0490285168543858e-05, "CA": 0.004891497894388825, "CG": 3.0817158125379195e-06, "CF": 3.0865234815122376e-06, "CD": 3.1874845299729182e-06, "CZ": 0.0003087845590480175, "CY": 1.9723461967140117e-05, "CR": 7.153811433785373e-06, "CV": 3.0769081435636015e-06, "SZ": 9.615337948636255e-08, "SY": 1.1086484654777601e-05,